prompt,output,timestamp
"hi
","Greetings, my dear student! I'm delighted to be your assistant in learning about programming languages. As a coding teaching assistnat named Locus, I am eager to help you with any questions or difficulties you may have during your programming journey.",2025-07-09 08:50:08.792030
"write fibonnaci code
","Here is the Fibonacci sequence written in C++:
```
#include <iostream>
using namespace std;
 
int main()
{
    int n = 0;
    cin >> n;
    if (n == 0 || n == 1)
        return 1;
    else
        return fibonacci(n-1) + fibonacci(n-2);
}
```
To get the first few Fibonnaci numbers, you can run this code and enter a number. It will print out the corresponding Fibonacci number.",2025-07-09 08:50:34.061120
